timestamp,role,content,city
2026-03-03 18:09:04,user,Compare weather in Los Angeles and San Diego and recommend the best for outdoor activities,New York
============================================================
Timestamp   : 2026-03-03 18:09:06
Source      : Agent
User Query  : Compare weather in Los Angeles and San Diego and recommend the best for outdoor activities
Bot Response: Based on the current weather conditions and historical data, **Los Angeles** is recommended for outdoor activities. With a current temperature of 24.2°C and an average historical temperature of 66.7°C, Los Angeles offers a more favorable climate for outdoor activities. Additionally, the city has a lower percentage of rainy days (0.0%) compared to San Diego (81.7%), making it a more reliable choice for planning outdoor activities.
============================================================

2026-03-03 18:09:06,assistant,"Based on the current weather conditions and historical data, **Los Angeles** is recommended for outdoor activities. With a current temperature of 24.2°C and an average historical temperature of 66.7°C, Los Angeles offers a more favorable climate for outdoor activities. Additionally, the city has a lower percentage of rainy days (0.0%) compared to San Diego (81.7%), making it a more reliable choice for planning outdoor activities.",New York
